<?xml version="1.0" encoding="UTF-8"?>
<project-private xmlns="http://www.netbeans.org/ns/project-private/1">
    <editor-bookmarks xmlns="http://www.netbeans.org/ns/editor-bookmarks/2" lastBookmarkId="0"/>
    <open-files xmlns="http://www.netbeans.org/ns/projectui-open-files/2">
        <group>
            <file>file:/C:/Users/arman/Desktop/VChat%20FX/VChat%203.15/VChat/src/vchat_client/VchatClient.java</file>
            <file>file:/C:/Users/arman/Desktop/VChat%20FX/VChat%203.15/VChat/src/vchat_server/ChatServer.java</file>
            <file>file:/C:/Users/arman/Desktop/VChat%20FX/VChat%203.15/VChat/src/controller/Controller.java</file>
            <file>file:/C:/Users/arman/Desktop/VChat%20FX/VChat%203.15/VChat/src/vchat_server/ChatServerReturn.java</file>
            <file>file:/C:/Users/arman/Desktop/VChat%20FX/VChat%203.15/VChat/src/vchat_client/VchatClientController.java</file>
        </group>
    </open-files>
</project-private>
